{"current":{"heading_color":"#737b97","text_color":"#737b97","accent_color":"#7a00ff","link_color":"#874dff","border_color":"#e7e7e7","background":"#f7f7f7","secondary_background":"#ffffff","error_color":"#f71b1b","success_color":"#00d864","primary_button_background":"#17cb63","primary_button_text_color":"#ffffff","secondary_button_background":"#00d864","secondary_button_text_color":"#ffffff","footer_background":"#000000","footer_text_color":"#ffffff","header_background":"#ffffff","header_text_color":"#737b97","header_light_text_color":"#7a00ff","header_accent_color":"#7a00ff","product_on_sale_accent":"#00d864","product_cor_do_preco":"#00d864","product_cor_do_preco_riscado":"#a4a9be","product_cor_dos_titles":"#7a00ff","product_in_stock_color":"#00d864","product_low_stock_color":"#ee0000","product_sold_out_color":"#d1d1d4","product_label_1_background":"#ff6128","product_label_2_background":"#a95ebe","product_star_color":"#ffb647","base_text_font_size":15,"heading_font":"poppins_n6","text_font":"poppins_n4","underline_links":true,"animation_image_zoom":false,"search_mode":"product","mostrar_fretegratis1":true,"cordabarra":"#00d864","cordotexto":"#ffffff","show_vendor":false,"show_secondary_image":true,"show_discount":true,"discount_mode":"percentage","product_price_position":"after_title","product_image_size":"square","show_color_swatch":false,"show_inventory_quantity":false,"low_inventory_threshold":0,"show_reviews_badge":false,"cart_type":"page","cart_empty_button_link":"shopify:\/\/collections\/all","cart_show_free_shipping_threshold":false,"cart_free_shipping_threshold":"50","social_facebook":"Facebook.com.br","social_twitter":"","social_pinterest":"","social_instagram":"instagram.com.br","social_vimeo":"","social_tumblr":"","social_youtube":"","social_linkedin":"","social_snapchat":"","social_fancy":"","favicon":"shopify:\/\/shop_images\/FAV_SITE.png","checkout_header_image":"","checkout_logo_image":"shopify:\/\/shop_images\/logo210x_40x_6b8e4909-3fbb-4178-8775-39900114df23.png","checkout_logo_position":"center","checkout_logo_size":"medium","checkout_body_background_image":"","checkout_body_background_color":"#ffffff","checkout_input_background_color_mode":"white","checkout_sidebar_background_image":"","checkout_sidebar_background_color":"#f7f4f2","checkout_heading_font":"-apple-system, BlinkMacSystemFont, 'Segoe UI', Roboto, Helvetica, Arial, sans-serif, 'Apple Color Emoji', 'Segoe UI Emoji', 'Segoe UI Symbol'","checkout_body_font":"-apple-system, BlinkMacSystemFont, 'Segoe UI', Roboto, Helvetica, Arial, sans-serif, 'Apple Color Emoji', 'Segoe UI Emoji', 'Segoe UI Symbol'","checkout_accent_color":"#3a2a2f","checkout_button_color":"#f6cc3f","checkout_error_color":"#f71b1b","addzap":true,"numberzap":"","titlezap":"Fale Conosco \n<span>\nO melhor suporte é com a (Sua Loja)!\n<\/span>","colorzap":"#9400ff","chatzap":"Olá, estou aqui para te ajudar! (Editável)","digizap":"Digite sua mensagem...","cordefundo":"#702dfa","header_cordotexto":"#96a3da","header_corsubheader":"#1d2a6c","sections":{"header":{"type":"header","blocks":{"7000eb54-1dfe-42a3-9fb7-577d915b94cb":{"type":"mega_menu","disabled":true,"settings":{"menu_item":"","image_1_heading":"Your image","image_1_text":"Tell your story","image_1_link":"","image_2_heading":"Your image","image_2_text":"Tell your story","image_2_link":""}}},"block_order":["7000eb54-1dfe-42a3-9fb7-577d915b94cb"],"settings":{"enable_sticky_header":false,"rastreiopage":"rastrear-pedido","mostrar_barra":true,"background1":"#fcd000","background2":"#ff5f5f","background3":"#9100ff","background4":"#0086ff","logo_max_width":215,"mobile_logo_max_width":155,"show_locale_selector":false,"show_currency_selector":false,"navigation_menu":"","desktop_navigation_layout":"inline","desktop_navigation_open_trigger":"hover","show_navigation_social_media":true,"navigation_phone_number":"Telefone aqui","navigation_email":"E-mail aqui","show_condensed_search":false,"show_search_filter":false,"search_menu":"","show_search_menu_title":true}},"footer":{"type":"footer","blocks":{"c9a6c378-573f-4c54-9fc6-5ca6e279f3f2":{"type":"text","settings":{"title":"ATENDIMENTO AO CLIENTE","content":"<p><strong>E-mail: <\/strong>loja@gmail.com<br\/><strong>WhatsApp:<\/strong> +55 (99) 9 9999-9999<\/p>"}},"footer-1":{"type":"links","settings":{"menu":"footer"}},"23b7e603-1746-4ba2-b8e6-5856acdfd7a5":{"type":"newsletter","settings":{"title":"Nossa Newsletter","subheading":"<p>Assine nossa newsletter e receba as melhores ofertas DE GRAÇA!<\/p>"}}},"block_order":["c9a6c378-573f-4c54-9fc6-5ca6e279f3f2","footer-1","23b7e603-1746-4ba2-b8e6-5856acdfd7a5"],"settings":{"mostrar_mensagemdeaviso":false,"mostrar_barra":true,"background1":"#000000","background2":"#874dff","background3":"#7a00ff","background4":"#000000","show_social_media":true,"show_payment_icons":true,"show_locale_selector":false,"show_currency_selector":false,"show_cookie_bar":false,"text":"<p>Utilizamos cookies para melhorar nosso site e sua experiência de compra. Ao continuar navegando em nosso site,<strong>você está de acordo conforme nossa política quando a utilização de cookies.<\/strong><\/p>","accept_button":"ENTENDI E FECHAR"}},"slideshow":{"type":"slideshow","blocks":{"bbea030d-de91-4721-9ea1-9660f647bbd7":{"type":"image","settings":{"show_overlay":false,"overlay_opacity":30,"text_color":"#ffffff","title":"","content":"","content_position":"middle_center","button_background":"#ffffff","button_text_color":"#000000","button_text":"","link":""}},"fa2eac7c-9fbf-4ea9-a172-eca738a9012d":{"type":"image","settings":{"show_overlay":false,"overlay_opacity":30,"text_color":"#ffffff","title":"","content":"","content_position":"middle_center","button_background":"#ffffff","button_text_color":"#000000","button_text":"","link":""}}},"block_order":["bbea030d-de91-4721-9ea1-9660f647bbd7","fa2eac7c-9fbf-4ea9-a172-eca738a9012d"],"settings":{"edge_to_edge":false,"section_size":"preserve_ratio","carousel_effect":"slide","autoplay":true,"cycle_speed":5}},"collection-list":{"type":"collection-list","disabled":true,"blocks":{"collection-0":{"type":"collection","settings":{"collection":""}},"collection-1":{"type":"collection","settings":{"collection":""}},"collection-2":{"type":"collection","settings":{"collection":""}},"collection-3":{"type":"collection","settings":{"collection":""}},"collection-4":{"type":"collection","settings":{"collection":""}},"collection-5":{"type":"collection","settings":{"collection":""}},"251025eb-4e17-48d5-b423-fc3c87660798":{"type":"collection","settings":{"collection":""}}},"block_order":["collection-0","collection-1","collection-2","collection-3","collection-4","collection-5","251025eb-4e17-48d5-b423-fc3c87660798"],"settings":{"title":"Our collections","link_title":"View all","link":"shopify:\/\/collections","round_images":true,"show_collection_title":true}},"collection-template":{"type":"collection-template","settings":{"show_collection_image":false,"collapse_collection_description":false,"collection_image_size":"small","products_per_row":"4","default_products_per_page":24,"default_view_layout":"grid","show_quick_buy":"list","show_quick_view":"list","quick_links":"main-menu","quick_links_show_products_count":false,"show_filters":false,"show_filter_color_swatch":false,"filter_type":"tag","open_group_filters_mode":"all_closed","filter_group_order":""}},"recently-viewed-products":{"type":"recently-viewed-products","settings":{"title":"Recently viewed","show_quick_buy":false}},"product-template":{"type":"product-template","settings":{"titulofrete":"Entrega via Correios ©","mostrar_bandeiras":true,"mostrar_quantidadevendidos":true,"mostrar_codigodoitem":true,"show_share_buttons":false,"show_taxes_included":false,"selector_mode":"block","color_mode":"variant_image","show_quantity_selector":true,"show_payment_button":false,"image_size":"large","enable_image_zoom":true,"enable_video_looping":false,"zoom_effect":"inside","carousel_effect":"fade","show_inventory_quantity":false,"low_inventory_threshold":1,"content_display_mode":"show_all_and_expand_description","tab_page_1_handle":"","tab_page_2_handle":"","tab_page_3_handle":"","enable_reviews":false,"show_reviews_badge":false,"trust_title":"Pagamento Seguro","show_payment_icons":false,"show_shipping_estimator":false,"shipping_estimator_default_country":"","show_refunds_policy":false}},"product-recommendations":{"type":"product-recommendations","settings":{"show_product_recommendations":false,"heading":"Talvez você goste","show_quick_buy":false}},"announcement-bar":{"type":"announcement-bar","settings":{"show_announcement":true,"background1":"#000000","background2":"#000000","text_color":"#ffffff","text":"<div class=\"announcement-bar__inner\">           \t<p class=\"announcement-bar__content announcement-bar__content--left\">                             <svg class=\"announcesvg\" viewbox=\"0 0 23 24\" role=\"presentation\">       <g stroke-width=\"2\" fill=\"none\" fill-rule=\"evenodd\">         <path d=\"M6.5 3.25l12 6\" stroke=\"white\"><\/path>         <path stroke=\"white\" d=\"M23 7l-10 5L1 6M13 12v11\"><\/path>         <path stroke=\"white\" stroke-linecap=\"square\" d=\"M23 7v10l-10 6-12-6V6l10-5z\"><\/path>       <\/g>     <\/svg>Frete Grátis para todo o Brasil <\/p>           \t<p class=\"announcement-bar__content announcement-bar__content--right mobhide\"><svg class=\"announcesvg\" viewbox=\"0 0 23 24\" role=\"presentation\">       <g transform=\"translate(1 1)\" stroke-width=\"2\" fill=\"none\" fill-rule=\"evenodd\">         <path stroke=\"white\" d=\"M8 4h8v7\"><\/path>         <path stroke=\"white\" stroke-linecap=\"square\" d=\"M11 7L8 4l3-3\"><\/path>         <circle stroke=\"white\" stroke-linecap=\"square\" cx=\"6\" cy=\"20\" r=\"2\"><\/circle>         <circle stroke=\"white\" stroke-linecap=\"square\" cx=\"18\" cy=\"20\" r=\"2\"><\/circle>         <path stroke=\"white\" stroke-linecap=\"square\" d=\"M21 5l-2 10H5L3 0H0\"><\/path>       <\/g>     <\/svg> Trocas e Devoluções em até 7 dias<\/p>           <p class=\"announcement-bar__content announcement-bar__content--right mobhide\"> <svg class=\"announcesvg\" viewbox=\"0 0 24 23\" role=\"presentation\">       <g stroke-width=\"2\" fill=\"none\" fill-rule=\"evenodd\">         <path d=\"M17 1c-2.1 0-3.9 1.1-5 2.7C10.9 2.1 9.1 1 7 1 3.7 1 1 3.7 1 7c0 6 11 15 11 15s11-9 11-15c0-3.3-2.7-6-6-6z\" stroke=\"white\" stroke-linecap=\"square\"><\/path>         <path d=\"M16 5c1.65 0 3 1.35 3 3\" stroke=\"white\" stroke-linecap=\"round\"><\/path>       <\/g>     <\/svg> Satisfação Garantida ou Dinheiro de Volta<\/p>       <\/div>","text_position":"center","link":"","show_newsletter":false,"newsletter_button":"","newsletter_title":"Newsletter","newsletter_content":"<p>Se inscreva em nossa newsletter para receber as últimas promoções.<\/p>"}},"popups":{"type":"popups","settings":{}},"text-with-icons":{"type":"text-with-icons","blocks":{"text-with-icons-3":{"type":"item","settings":{"icon":"bi-mobile-payment","title":"Compra Segura","content":"<p>Ambiente  seguro para pagamentos online<\/p>"}},"text-with-icons-0":{"type":"item","settings":{"icon":"bi-fast-delivery","title":"Frete Grátis","content":"<p>Envio rápido e acompanhado com código de rastreio<br\/><\/p>"}},"text-with-icons-2":{"type":"item","settings":{"icon":"bi-love","title":"Suporte Profissional","content":"<p>Equipe de suporte de extrema qualidade a semana toda<br\/><\/p>"}},"text-with-icons-1":{"type":"item","settings":{"icon":"bi-returns","title":"Satisfação ou Reembolso","content":"<p>Caso haja algo, devolvemos seu dinheiro com velocidade<\/p>"}}},"block_order":["text-with-icons-3","text-with-icons-0","text-with-icons-2","text-with-icons-1"],"settings":{"show_section":false,"stack_mobile":false}},"16153539675ef431a7":{"type":"featured-collection","settings":{"collection":"calcados-femininos","title":"Ofertas da semana","products_count":50,"layout":"vertical","stack_desktop":false,"show_quick_buy":false,"link_title":"Ver todos","link_url":""}},"16153541158fc73818":{"type":"featured-collection","settings":{"collection":"moda-feminina","title":"Acessórios + vendidos","products_count":50,"layout":"vertical","stack_desktop":false,"show_quick_buy":false,"link_title":"Ver Todos","link_url":""}},"static-promotion-list":{"type":"static-promotion-list","settings":{"expand_items":false,"section_size":"medium","stack_mobile":false}},"static-recently-viewed-products":{"type":"static-recently-viewed-products","settings":{"show_section":false,"title":"Produtos que você viu recentemente","show_quick_buy":false}},"cart-template":{"type":"cart-template","settings":{"enable_order_notes":false,"show_payment_icons":true,"gift_wrap_product":"embrulhar-pedido","gift_wrap_text":"Deseja embrulhar seu pedido?","gift_wrap_button":"Adicionar agora","show_shipping_estimator":false,"shipping_estimator_default_country":"United States","trust_heading":"Our guarantees","upsell_heading":"Aproveite e leve também","upsell_collection":"frontpage","upsell_products_count":4}},"static-newsletter":{"type":"static-newsletter","settings":{"show_section":false,"title":"Subscribe to our newsletter","content":"<p>A short sentence describing what someone will receive by subscribing<\/p>","subtext":"100% free, Unsubscribe any time!","background":"#1e2d7d","text":"#ffffff"}},"page-contact-template":{"type":"page-contact-template","settings":{"form_heading":"Preenche o formulário abaixo.","show_store_info":true,"store_heading":"","store_info":""}},"1649489657b78ca727":{"type":"collection-list","blocks":{"1649489657b78ca727-0":{"type":"collection","settings":{"collection":"casa-jardim"}},"1649489657b78ca727-1":{"type":"collection","settings":{"collection":"casa-cozinha"}},"1649489657b78ca727-2":{"type":"collection","settings":{"collection":"fitness"}},"1649489657b78ca727-3":{"type":"collection","settings":{"collection":"fones"}},"1649489657b78ca727-4":{"type":"collection","settings":{"collection":"beleza-saude"}},"0c56a93b-d66f-4823-ae91-bd01bb634a00":{"type":"collection","settings":{"collection":"mais-vendidos"}},"1649489657b78ca727-5":{"type":"collection","settings":{"collection":"para-pets"}},"d5a5159b-779d-45d2-871b-4a5e622bb3b2":{"type":"collection","settings":{"collection":"eletronicos"}}},"block_order":["1649489657b78ca727-0","1649489657b78ca727-1","1649489657b78ca727-2","1649489657b78ca727-3","1649489657b78ca727-4","0c56a93b-d66f-4823-ae91-bd01bb634a00","1649489657b78ca727-5","d5a5159b-779d-45d2-871b-4a5e622bb3b2"],"settings":{"title":"","link_title":"View all","link":"shopify:\/\/collections\/calcados-femininos","round_images":true,"show_collection_title":true}},"minimal-header":{"type":"minimal-header","settings":{"logo":"shopify:\/\/shop_images\/LOGOMARCA_ISO_COLORIDO_ecc51cc9-6d7c-44e7-abfe-2dd750c53836.png","logo_max_width":175,"mobile_logo_max_width":145}},"password-template":{"type":"password-template","settings":{"show_social_media":true,"heading":"Loja milionária em construção!","text":"<p>Para acessar e sentir o gostinho do sucesso, coloque a senha \"4321\".<\/p>","show_newsletter_signup":false,"newsletter_text":"<p>A short sentence describing what someone will receive by subscribing.<\/p>"}}},"content_for_index":["slideshow","1649489657b78ca727","16153539675ef431a7","16153541158fc73818"]},"presets":{"Metal":{"heading_color":"#1e2d7d","text_color":"#677279","accent_color":"#00badb","link_color":"#00badb","border_color":"#e1e3e4","background":"#f3f5f6","secondary_background":"#ffffff","error_color":"#ff0000","success_color":"#00aa00","primary_button_background":"#00badb","primary_button_text_color":"#ffffff","secondary_button_background":"#1e2d7d","secondary_button_text_color":"#ffffff","header_background":"#1e2d7d","header_text_color":"#ffffff","header_light_text_color":"#a3afef","header_accent_color":"#00badb","product_on_sale_accent":"#ee0000","product_in_stock_color":"#008a00","product_low_stock_color":"#ee0000","product_sold_out_color":"#8a9297","product_label_1_background":"#008a00","product_label_2_background":"#00a500","product_star_color":"#ffbd00","addzap":true,"zapicon":true,"imagezap":"shopify:\/\/shop_images\/super-oferta.png","numberzap":"5551984869182","titlezap":"Fale Conosco \n<span>\nO melhor suporte é com a Luky Ofertas!\n<\/span>","colorzap":"#ff7200","chatzap":"Olá, estou aqui para te ajudar!","digizap":"Digite sua mensagem...","base_text_font_size":16,"heading_font":"din_next_n5","text_font":"din_next_n4","underline_links":true,"animation_image_zoom":true,"search_mode":"product,article","show_vendor":true,"show_secondary_image":true,"product_price_position":"after_title","product_image_size":"natural","show_discount":true,"discount_mode":"saving","show_color_swatch":false,"show_inventory_quantity":false,"low_inventory_threshold":0,"show_reviews_badge":false,"cart_type":"drawer","cart_empty_button_link":"shopify:\/\/collections\/all","cart_show_free_shipping_threshold":false,"cart_free_shipping_threshold":"50","share_image":"","social_facebook":"","social_twitter":"","social_google_plus":"","social_pinterest":"","social_instagram":"","social_vimeo":"","social_tumblr":"","social_youtube":"","social_linkedin":"","social_snapchat":"","social_fancy":"","favicon":"","checkout_header_image":"","checkout_logo_image":"","checkout_logo_position":"left","checkout_logo_size":"medium","checkout_body_background_image":"","checkout_body_background_color":"#fff","checkout_input_background_color_mode":"white","checkout_sidebar_background_image":"","checkout_sidebar_background_color":"#fafafa","checkout_heading_font":"-apple-system, BlinkMacSystemFont, 'Segoe UI', Roboto, Helvetica, Arial, sans-serif, 'Apple Color Emoji', 'Segoe UI Emoji', 'Segoe UI Symbol'","checkout_body_font":"-apple-system, BlinkMacSystemFont, 'Segoe UI', Roboto, Helvetica, Arial, sans-serif, 'Apple Color Emoji', 'Segoe UI Emoji', 'Segoe UI Symbol'","checkout_accent_color":"#00badb","checkout_button_color":"#00badb","checkout_error_color":"#ff0000","sections":{"header":{"type":"header","settings":{"logo":"","logo_max_width":140,"mobile_logo_max_width":100,"navigation_menu":"main-menu","desktop_navigation_layout":"inline","desktop_navigation_open_trigger":"hover","navigation_phone_number":"Call us 000-000-0000","navigation_email":"info@yourwebsite.com","search_menu":""}},"footer":{"type":"footer","blocks":{"footer-0":{"type":"text","settings":{"title":"About the shop","content":"<p>Use this text area to tell your customers about your brand and vision. You can change it in the theme settings.<\/p>"}},"footer-1":{"type":"links","settings":{"menu":"footer"}},"footer-2":{"type":"newsletter","settings":{"title":"Newsletter","subheading":"<p>A short sentence describing what someone will receive by subscribing<\/p>"}}},"block_order":["footer-0","footer-1","footer-2"],"settings":{"show_social_media":true,"show_payment_icons":true}},"slideshow":{"type":"slideshow","blocks":{"slide-0":{"type":"image","settings":{"image":"","mobile_image":"","text_color":"#ffffff","title":"Tell your story","content":"Tell your story","content_position":"bottomLeft","button_background":"#ffffff","button_text_color":"#000000","button_text":"Button","link":""}},"slide-1":{"type":"image","settings":{"image":"","mobile_image":"","text_color":"#ffffff","title":"Tell your story","content":"Tell your story","content_position":"bottomLeft","button_background":"#ffffff","button_text_color":"#000000","button_text":"Button","link":""}}},"block_order":["slide-0","slide-1"],"settings":{"edge_to_edge":true,"section_size":"preserve_ratio","cycle_speed":5}},"collection-list":{"type":"collection-list","blocks":{"collection-0":{"type":"collection","settings":{"collection":"","image":""}},"collection-1":{"type":"collection","settings":{"collection":"","image":""}},"collection-2":{"type":"collection","settings":{"collection":"","image":""}},"collection-3":{"type":"collection","settings":{"collection":"","image":""}},"collection-4":{"type":"collection","settings":{"collection":"","image":""}},"collection-5":{"type":"collection","settings":{"collection":"","image":""}}},"block_order":["collection-0","collection-1","collection-2","collection-3","collection-4","collection-5"],"settings":{"title":"Our collections","link_title":"View all","link":"shopify:\/\/collections"}},"featured-product":{"type":"featured-product","settings":{"product":"","title":"Featured product","selector_mode":"block","color_mode":"color","zoom_effect":"outside","carousel_effect":"fade","low_inventory_threshold":0}},"collection-template":{"type":"collection-template","settings":{"collection_image_size":"small","default_view_layout":"grid","show_quick_buy":"list","show_quick_view":"list","quick_links":"","filter_type":"tag"}},"recently-viewed-products":{"type":"recently-viewed-products","settings":{"title":"Recently viewed"}},"product-template":{"type":"product-template","settings":{"selector_mode":"block","color_mode":"color","zoom_effect":"outside","carousel_effect":"fade","low_inventory_threshold":0,"tab_page_1_handle":"","tab_page_2_handle":"","tab_page_3_handle":"","custom_security_badge":""}},"product-recommendations":{"type":"product-recommendations","settings":{}},"announcement-bar":{"type":"announcement-bar","settings":{"text_color":"#ffffff","text":"Announce something here","link":"","newsletter_button":"Subscribe & Save","newsletter_title":"Newsletter","newsletter_content":"<p>A short sentence describing what someone will receive by subscribing<\/p>"}},"1542984811767":{"type":"featured-collection","settings":{"collection":"","title":"Featured collection","products_count":12,"layout":"vertical","link_title":"View all"}},"1542984842027":{"type":"newsletter","settings":{"title":"Newsletter","content":"<p>A short sentence describing what someone will receive by subscribing<\/p>"}},"1542984882560":{"type":"blog-posts","settings":{"blog":"news","title":"Blog posts"}}},"content_for_index":["slideshow","1542984811767","collection-list","1542984842027","featured-product","1542984882560"]},"Wood":{"heading_color":"#3a2a2f","text_color":"#3a2a2f","accent_color":"#ff6128","link_color":"#ff6128","border_color":"#e7e2de","background":"#f7f4f2","secondary_background":"#ffffff","error_color":"#f71b1b","success_color":"#48b448","primary_button_background":"#ff6128","primary_button_text_color":"#ffffff","secondary_button_background":"#3a2a2f","secondary_button_text_color":"#ffffff","header_background":"#3a2a2f","header_text_color":"#ffffff","header_light_text_color":"#e9e2dd","header_accent_color":"#ff6128","product_on_sale_accent":"#ee0000","product_in_stock_color":"#008a00","product_low_stock_color":"#ee0000","product_sold_out_color":"#d1d1d4","product_label_1_background":"#ff6128","product_label_2_background":"#a95ebe","product_star_color":"#ffb647","base_text_font_size":15,"heading_font":"itc_avant_garde_gothic_n5","text_font":"basic_commercial_n4","underline_links":true,"animation_image_zoom":true,"search_mode":"product,article,page","show_vendor":true,"show_secondary_image":true,"show_discount":true,"discount_mode":"percentage","product_price_position":"after_title","product_image_size":"square","show_color_swatch":false,"show_inventory_quantity":true,"low_inventory_threshold":1,"show_reviews_badge":false,"cart_type":"drawer","cart_empty_button_link":"shopify:\/\/collections\/all","cart_show_free_shipping_threshold":true,"cart_free_shipping_threshold":"50","checkout_logo_position":"center","checkout_logo_size":"medium","checkout_body_background_image":"","checkout_body_background_color":"#fff","checkout_input_background_color_mode":"white","checkout_sidebar_background_image":"","checkout_sidebar_background_color":"#f7f4f2","checkout_heading_font":"-apple-system, BlinkMacSystemFont, 'Segoe UI', Roboto, Helvetica, Arial, sans-serif, 'Apple Color Emoji', 'Segoe UI Emoji', 'Segoe UI Symbol'","checkout_body_font":"-apple-system, BlinkMacSystemFont, 'Segoe UI', Roboto, Helvetica, Arial, sans-serif, 'Apple Color Emoji', 'Segoe UI Emoji', 'Segoe UI Symbol'","checkout_accent_color":"#ff6128","checkout_button_color":"#ff6128","checkout_error_color":"#f71b1b","sections":{"header":{"type":"header","settings":{"logo":"","logo_max_width":140,"mobile_logo_max_width":100,"navigation_menu":"main-menu","desktop_navigation_layout":"inline","desktop_navigation_open_trigger":"hover","navigation_phone_number":"Call us 000-000-0000","navigation_email":"info@yourwebsite.com","search_menu":""}},"footer":{"type":"footer","blocks":{"footer-0":{"type":"text","settings":{"title":"About the shop","content":"<p>Use this text area to tell your customers about your brand and vision. You can change it in the theme settings.<\/p>"}},"footer-1":{"type":"links","settings":{"menu":"footer"}},"footer-2":{"type":"newsletter","settings":{"title":"Newsletter","subheading":"<p>A short sentence describing what someone will receive by subscribing<\/p>"}}},"block_order":["footer-0","footer-1","footer-2"],"settings":{"show_social_media":true,"show_payment_icons":true}},"slideshow":{"type":"slideshow","blocks":{"slide-0":{"type":"image","settings":{"image":"","mobile_image":"","text_color":"#ffffff","title":"Tell your story","content":"Tell your story","content_position":"bottomLeft","button_background":"#ffffff","button_text_color":"#000000","button_text":"Button","link":""}},"slide-1":{"type":"image","settings":{"image":"","mobile_image":"","text_color":"#ffffff","title":"Tell your story","content":"Tell your story","content_position":"bottomLeft","button_background":"#ffffff","button_text_color":"#000000","button_text":"Button","link":""}}},"block_order":["slide-0","slide-1"],"settings":{"edge_to_edge":true,"section_size":"preserve_ratio","cycle_speed":5}},"collection-list":{"type":"collection-list","blocks":{"collection-0":{"type":"collection","settings":{"collection":"","image":""}},"collection-1":{"type":"collection","settings":{"collection":"","image":""}},"collection-2":{"type":"collection","settings":{"collection":"","image":""}},"collection-3":{"type":"collection","settings":{"collection":"","image":""}},"collection-4":{"type":"collection","settings":{"collection":"","image":""}},"collection-5":{"type":"collection","settings":{"collection":"","image":""}}},"block_order":["collection-0","collection-1","collection-2","collection-3","collection-4","collection-5"],"settings":{"title":"Our collections","link_title":"View all","link":"shopify:\/\/collections"}},"collection-template":{"type":"collection-template","settings":{"collection_image_size":"small","default_view_layout":"grid","show_quick_buy":"list","show_quick_view":"list","quick_links":"","filter_type":"tag"}},"recently-viewed-products":{"type":"recently-viewed-products","settings":{"title":"Recently viewed"}},"product-template":{"type":"product-template","settings":{"selector_mode":"block","color_mode":"color","zoom_effect":"outside","carousel_effect":"fade","low_inventory_threshold":0,"tab_page_1_handle":"","tab_page_2_handle":"","tab_page_3_handle":"","custom_security_badge":""}},"product-recommendations":{"type":"product-recommendations","settings":{}},"announcement-bar":{"type":"announcement-bar","settings":{"text_color":"#ffffff","text":"Announce something here","link":"","newsletter_button":"Subscribe & Save","newsletter_title":"Newsletter","newsletter_content":"<p>A short sentence describing what someone will receive by subscribing<\/p>"}},"1542984811767":{"type":"featured-collection","settings":{"collection":"","title":"Featured collection","products_count":12,"layout":"vertical","link_title":"View all"}},"1550833441117":{"type":"collection-with-image","settings":{"collection":"","products_count":12,"image":"","background":"#3a2a2f","text_color":"#ffffff","title":"Our best sellers","content":"Shop our most popular products for this season.","button_background":"#e95d2b","button_text_color":"#ffffff","button_text":"Learn more","button_link":""}},"1555314133560":{"type":"promotion-list","blocks":{"1555314133560-0":{"type":"item","settings":{"image":"","show_overlay":false,"stretch_image":false,"background":"#6f42ef","text_color":"#ffffff","title":"Your heading","content":"Tell more about your product, collection...","button_background":"#ffffff","button_text_color":"#6f42ef","button_text":"Learn more","button_link":""}},"1555314133560-1":{"type":"item","settings":{"image":"","show_overlay":false,"stretch_image":false,"background":"#fc2a68","text_color":"#ffffff","title":"Your heading","content":"Tell more about your product, collection...","button_background":"#ffffff","button_text_color":"#fc2a68","button_text":"Learn more","button_link":""}},"1555314133560-2":{"type":"item","settings":{"image":"","show_overlay":false,"stretch_image":false,"background":"#26c1ce","text_color":"#ffffff","title":"Your heading","content":"Tell more about your product, collection...","button_background":"#ffffff","button_text_color":"#26c1ce","button_text":"Learn more","button_link":""}}},"block_order":["1555314133560-0","1555314133560-1","1555314133560-2"],"settings":{"expand_items":false,"section_size":"medium","stack_mobile":false}},"1542984882560":{"type":"blog-posts","settings":{"blog":"news","title":"Blog posts"}}},"content_for_index":["slideshow","1542984811767","1555314133560","collection-list","1550833441117","1542984882560"]}}}